SampleID,1007_s_at,1053_at,117_at,121_at,1255_g_at,1294_at,1316_at,1320_at,1405_i_at,1431_at,1438_at,1487_at,1494_f_at,1598_g_at,160020_at,1729_at,177_at,1773_at,179_at,1861_at,200000_s_at,200001_at,200002_at,200003_s_at,200004_at,200005_at,200006_at,200007_at,200008_s_at,200009_at,200010_at,200011_s_at,200012_x_at,200013_at,200014_s_at,200015_s_at,200016_x_at,200017_at,200018_at,200019_s_at,200020_at,200021_at,200022_at,200023_s_at,200024_at,200025_s_at,200026_at,200027_at,200028_s_at,200029_at,200030_s_at,200031_s_at,200032_s_at,200033_at,200034_s_at,200035_at,200036_s_at,200037_s_at,200038_s_at,200039_s_at,200040_at,200041_s_at,200042_at,200043_at,200044_at,200045_at,200046_at,200047_s_at,200048_s_at,200049_at,200050_at,200051_at,200052_s_at,200053_at,200054_at,200055_at,200056_s_at,200057_s_at,200058_s_at,200059_s_at,200060_s_at,200061_s_at,200062_s_at,200063_s_at,200064_at,200065_s_at,200066_at,200067_x_at,200068_s_at,200069_at,200070_at,200071_at,200072_s_at,200073_s_at,200074_s_at,200075_s_at,200076_s_at,200077_s_at,200078_s_at,200079_s_at
GSM1881744,8.060325364447683,7.214726232093819,10.47699590224236,8.622773321352149,3.8214751876346864,9.762382444601156,5.902534225892669,4.419680326995505,12.349924190889988,4.343367138526799,5.964471216345731,8.68703550212529,6.655793033416725,8.096280644747747,7.288261480634593,10.241006186770973,5.083145206403822,6.649026195973244,9.211890184296543,7.042587992290798,10.667534804681088,12.434921377234945,10.522793997828225,14.257762557509905,11.579311774613476,11.22956523821295,11.407024415349257,10.177709176823296,9.452164613401763,11.157320550954909,11.705355747160931,11.478758642237961,11.264796743342774,11.255356196602511,9.867276186260508,10.577331885533477,12.81391138283338,11.783651876618288,13.214012523613446,12.095798865023605,10.114682284365431,14.175886531655994,13.300904342724376,12.424970757011053,12.919792854859358,11.376223773230276,8.216459589861026,10.02335168129237,9.892372616469778,13.627327138234644,12.739907908079081,13.736065532159483,9.472743385140488,12.708714700868391,11.995450148942338,11.00443934294822,12.30453503949708,9.400360739639387,9.65825551787267,10.591618408503516,10.619080741781287,12.025698038110187,8.827409765224518,9.20302520474156,10.376414356620275,9.7888973974551,10.41280461047932,10.633788869518783,11.473314319200556,9.703244190779984,8.390400393470811,8.911951954493231,8.913726018047885,8.56341873302866,8.05328776409877,11.809207151916745,6.891001254061973,11.952099178648874,11.061546588381612,13.270856748776989,11.204137939137798,9.385024356694123,11.814147566852157,11.690634105797649,11.692828478477617,12.67425137488076,10.437975308598908,10.745507646909473,10.439320460423524,8.71338569067926,10.939567271922446,9.250186593619878,10.792309169950302,10.95229761443448,12.680213578559787,12.49635682701778,9.559720519718036,14.156718585102215,11.943957067922426,10.611364012786943
GSM1881745,8.009989987899633,6.9608832862812,10.36402280181666,8.632632420480185,3.918176108284576,9.815717664340294,5.716977913272989,4.493563907791946,11.879964438162787,4.431522743007059,6.2950281076464405,8.526777358323042,6.739003490298367,8.146154948192686,7.090590096295593,10.371079813488775,5.054086130961772,6.847092004338123,9.416452141720086,6.744405159143528,10.861757253540087,12.108092964269845,10.36481902082693,14.279850030644205,11.533570160172975,11.368326920295553,11.329652543923256,10.440621922026896,9.586693701423393,11.252056457055009,11.979508394339527,11.280570974758762,11.29931706593477,11.392706515652511,9.931172280325509,10.659715981764675,12.869564283705182,11.548277628475885,13.278176669694743,12.380176615703403,10.206879161413832,14.041994572988694,13.366765951028476,12.481213132576856,13.287938475781658,11.588295071812176,8.596209165579719,10.05795230655527,10.24577265316618,13.783413624618342,12.749050988174679,13.752070233334384,9.74672529865936,12.726537353028192,11.977564694129837,10.66321906854842,12.43139716020408,9.690203362298648,9.756687390725226,10.701798834806015,10.750097343784685,12.002383245313489,8.914975127336799,9.10649316859751,10.279885263620177,9.745948641637373,10.568063932268718,10.353105751043584,11.348028500251758,9.625105732614651,8.310993955217961,8.905950746185061,8.938933321964313,8.77544346270072,8.023704932221777,11.566962751622038,6.839735405625143,12.037503999636975,11.094958694417114,13.10791774452989,11.0198539827646,9.875215624078923,12.259059812940455,11.605451883361152,11.990860030039315,12.563956996917462,10.564514271865702,10.607142150739676,10.657016287445623,8.928941651344921,10.455497868130047,9.095339403683973,10.882722857604302,10.63025405693318,12.666243424703886,12.350154393623876,9.546106607098038,13.951323324361017,11.965419409388122,10.840134269709942
GSM1881749,7.907519968110013,7.2075712581731795,10.413076609145165,8.429863922900786,3.6060078476865662,9.722101918261153,5.883897401817709,4.6044694747222135,12.292650543862887,4.535135333363188,5.9130560642387415,8.60587063240273,6.482377890049496,7.9153694038131395,7.110643998146562,10.139188279883372,5.363409018871521,6.742738866675624,9.255925082933524,7.068695194898679,10.613091324835887,12.363326758880445,10.343173046044631,14.345537002393305,11.772687719882677,11.283826490681749,11.445240622140055,10.371679469338897,9.582382300982292,11.249315612446008,11.901614986124027,11.33793830724236,11.069992257857372,11.443711234874609,9.903767634397207,10.702336954520076,12.829701897336884,11.761573874663688,13.290063851240742,12.289878376093405,10.26481842937113,14.093610382532294,13.404724334776075,12.546923973772655,13.156988407321961,11.541687957748776,8.128313984562379,10.216775417659573,10.08187682402748,13.743489607765046,12.76361107708628,13.795824073465285,9.567657029414898,12.808051163652893,12.163324488153634,10.796686585882918,12.509635770028579,9.780773008045648,9.670016118724488,10.642250466184015,10.743490044927388,11.996300781428287,8.940351780472268,9.279509759158712,10.530970716533574,9.777330974071065,10.512839409555221,10.886487381329284,11.483722694749858,9.665169713151993,8.622776486892251,8.727510007975768,9.067673041519665,8.714289635793639,8.152251494669878,11.58247865988474,7.425685351793871,11.973816633171177,11.214005337131514,13.273521159726789,11.326747590352795,9.702548553375724,11.956616665697956,11.809503298907051,11.87983188640522,12.657166396653063,10.465561211200006,10.904018390934372,10.624876586315423,8.98223345023473,10.907336472736446,9.493051636014775,10.967574700705802,10.98214216074028,12.834753878814988,12.375258497256477,9.54710491329324,14.153786774593913,11.941678726999221,10.657035301818842
GSM1881764,8.046989031062926,7.060302376534015,10.453333400331566,8.65831894727779,3.897840504371364,9.657836545834398,5.829942727076787,4.407382144138901,12.282058611881466,4.306006689775868,6.131853214584429,8.648664006741884,6.611538657546704,8.134074716986836,7.258311704626664,10.275858424461774,5.200882407757391,6.645553435502572,9.367527606693198,6.932260061869753,10.7829827083657,12.359689352172529,10.188500757426269,14.265985968858454,11.715024408954955,11.263469161433274,11.257832326430066,10.256924544081198,9.523594892924477,11.11270550867307,11.853164524272303,11.484730237450762,11.025701383093018,11.135718419332363,9.871035326986947,10.614455098227769,12.784387847437465,11.613282866458174,13.236879336931649,12.132200860511082,10.169365005039461,14.125603417847595,13.384791628123304,12.46715820537421,13.123098394450615,11.489019137252939,8.360883180399181,10.033010227326765,10.064753802166267,13.758388181378127,12.692826617899673,13.731955282818598,9.46214180355888,12.678267545993645,12.016218020107903,10.966690378635516,12.401311759220775,9.524435469552378,9.604427999632593,10.537401795719378,10.620421108866527,12.123333950990038,8.708427997429116,9.094257253403732,10.324478837051773,9.828161511700348,10.447836504632036,10.649868907198687,11.45337667333276,9.738918898059183,8.470023707530842,8.830428094953454,8.877927648474586,8.742646400933129,8.03320161647645,11.707813145124392,7.016595458599406,12.019097390450812,11.171413737364874,13.278022223193707,11.289155341840408,9.487791036486833,11.94881763924984,11.685338377203598,11.937593000891486,12.636577055928333,10.381301741761716,10.804311523225913,10.623160357221732,8.77903355520922,10.804716421248148,9.196695370246161,10.8298253630102,10.82143626204231,12.76651905609382,12.217159825733942,9.502083953293518,14.067346229587145,11.96879617783943,10.677090427084917
GSM1881765,7.938234515908527,7.195151474498025,10.382730141804364,8.465194162544119,3.6659322580324942,9.875631472300498,5.838996966912018,4.6044269955341415,12.066300836728766,4.5673434534887685,5.983183710902741,8.564458321825393,6.639910951629614,7.971128614182078,7.068018678757733,10.224991095633472,5.132877829733952,6.847017942488633,9.22198399927343,6.971532169018833,10.645272880338801,12.244538048084134,10.632023285706827,14.322780424839655,11.542022027490955,11.324343271360073,11.530112727844866,10.403082501377996,9.557232184280377,11.326422904964067,11.871154894143903,11.24678171204176,11.397035994996722,11.592130878753965,9.930442073668443,10.678468116317573,12.891063861812661,11.782386053380174,13.284622692767448,12.37836837736908,10.221554911727258,14.082057573603597,13.330138124229105,12.50158037019931,13.120048097524517,11.515118731274342,8.266438646269451,10.165709376344564,10.081927593609267,13.677765399033726,12.808886697660173,13.7906846098207,9.729275338584149,12.817267932372445,12.074674867375805,10.676206286284117,12.42906688726557,9.723122603769976,9.785544685248858,10.753043343942876,10.788024311462227,11.892920758911036,9.080063117926525,9.298428168261283,10.467034720797477,9.713289830408517,10.547968796903339,10.599052427395586,11.416667002801855,9.5900941929717,8.412756849523031,8.866513710815832,9.068960605879896,8.626121486748781,8.119627844183709,11.597952563824492,7.087685882387806,11.956515817187011,11.075593342588371,13.156841545495308,11.078004332996306,9.820734652945532,12.071065057743638,11.718387814840098,11.771420595723086,12.627006123039033,10.597398786014518,10.700133935829614,10.52431519890123,8.970673639629913,10.730217987277648,9.3623563852995,10.931912455829897,10.888359626029512,12.68762153195842,12.597353319531344,9.59987074011256,14.107206226450842,11.931907291700327,10.728598629125417
GSM1881784,7.996019908039317,7.321751333890932,10.379815603917288,8.555592729311211,3.807587580090174,9.801518816096356,5.967528463467553,4.50554552520586,12.365732571941294,4.454592120190519,6.02129199447333,8.586631926132362,6.599993888554312,8.080270862770604,7.146066061559153,10.195236985879843,5.205150229426796,7.047319336072889,9.198789109261453,7.087935054841789,10.59484219785256,12.524405053476787,10.625195301287818,14.301043249652688,11.756900213083973,11.40567564655354,11.394162049146116,10.373154653669284,9.87131309949491,11.252902076957056,11.94276295730211,11.515957796304575,11.420862647862728,11.529030604606884,9.959101170013954,10.653292158094489,12.818009138411664,11.993253156355788,13.236806387136555,12.116848534229346,10.167569747603775,14.092000059269939,13.343271710935598,12.47486796356778,13.025769448460652,11.512863907086002,8.386569303433204,10.110764860817676,10.068449327186114,13.687463592141366,12.739820944838991,13.73652762831372,9.554217434458364,12.846689209034786,12.144889072962561,10.765782899980259,12.464485862303386,9.474140724102213,9.895565399947397,10.658650003424913,10.599847393699532,12.032388040878295,9.01416105869084,9.103977156484882,10.388653465330226,9.755085136899634,10.492334345320733,10.647886287858793,11.446238497997715,9.732136679336142,8.408594527793701,8.735221084437809,9.19336312232684,8.789750748013594,8.055767040358768,11.48397076306382,7.083411885297079,12.051611763024388,11.170153040089653,13.25189497792861,11.375274360873654,9.724512758519673,11.790204607106093,11.757362849348052,11.938159714583259,12.714152887408869,10.61117985670557,10.654865167992083,10.568670948201245,8.708889220512445,10.70209100413402,9.153876785855957,11.037674346657306,10.8939006896933,12.78493186943407,12.328007177277085,9.526081642398825,14.118408309244206,11.8706329972073,10.752253037789636
GSM1881785,8.074058422955087,7.129551719311131,10.33721315155399,8.598336373042049,3.7174495030807337,9.859459137569877,5.725355962128212,4.3066742488848,12.169923657757494,4.238838832896569,5.924001045738599,8.576222028878274,6.676570715865912,8.199201256039224,7.1372818812446726,10.344657426275477,5.191026279741637,6.418402027993941,9.35464993166611,6.751051207057401,10.95749897348046,12.368436601118589,10.154353020625916,14.275128151707488,11.470294625297074,11.229761288729739,11.447370306062314,10.269282137894484,9.097164360218974,11.191259035766256,11.741253766379213,11.380454804873974,10.939137221077127,11.305787062879586,9.655896845816043,10.68961161659099,12.902869950882563,11.423963634326391,13.277312355357854,12.467170497843842,10.305972486521473,14.080854196012735,13.400514349789699,12.53399507757558,13.25557260917965,11.513922242771606,8.326947072810555,10.048178372811076,10.139430398353012,13.742712518834072,12.885406660410487,13.707537676137918,9.579503338857263,12.508544476838784,11.997965034254761,11.032208121287555,12.34306657929719,9.747773299473883,9.540160886819407,10.790228118426516,10.834616859210833,12.068630544175393,8.949017427291258,9.406030215441504,10.426877644301527,9.892518210942322,10.61266517639083,10.42654445712709,11.357713742034116,9.63779857373346,8.47351239406339,9.055577946270775,8.753006846898431,8.621981940003192,8.150710114901248,11.816557791526721,6.757488211073098,12.15373074155999,11.119666422142654,13.06048337550521,11.158173941396859,9.655243566026373,12.259084888906296,11.688972534434853,11.86609319111876,12.57380228739367,10.33184693253807,10.760420147289189,10.709201962815444,8.906882525885543,10.784156558112919,9.139921165830057,10.778853577273207,10.8305908460783,12.614175066730668,12.228276479331686,9.431957604156317,13.977589124815008,12.0147632783737,10.679559276437137
GSM1881789,7.907756989462737,6.931877723345951,10.537066557732588,8.53134056237957,3.8206220604348538,9.639224073536043,5.810525115387452,4.70549393541888,11.986882943216493,4.6165942618098486,6.22726234801881,8.656829537840252,6.600609809344224,7.878332877943523,7.206147632272741,10.211379867987494,5.104463847068557,6.773135702919941,9.33082836802239,7.016702084433651,10.59004221172366,12.013499445789588,10.45123774278582,14.306978189186989,11.658374816287775,11.246281713906741,11.340385226203914,10.347573776624985,9.652763156093373,11.214531507732355,11.90246240394291,11.200855323060177,11.274106198194726,11.25695627964298,10.087218085153054,10.596481047132489,12.792298474580962,11.67628658907529,13.268134302054154,12.181834824747037,10.112837641024775,14.138637231894036,13.328608567803302,12.44424482221688,13.083377680322348,11.479420652933301,8.227466363759165,10.139136171878176,10.012142368124113,13.724054259642267,12.62734236809029,13.839894534507222,9.653404939898863,12.888069531675484,11.99348522400816,10.66635397611156,12.438015528128886,9.649423086407381,9.649232740555307,10.486789587641915,10.678203877582732,11.923363479797896,8.719558187051327,9.079020760571062,10.371739227142026,9.664573665321305,10.388708430591432,10.798951256905491,11.501113274170015,9.623584383476713,8.442063913723747,8.754613677945319,8.97396241230642,8.641419143506052,8.022767035730219,11.658120008832721,7.315521915110638,11.758077306872284,11.080691157697554,13.339917299599609,11.017291209984457,9.583032209602477,11.980534549477794,11.659253904282552,11.759267489219761,12.607419593648471,10.52502400242067,10.841382873301985,10.443340423167642,9.008789045860684,10.816154050541725,9.544779681632438,10.826078804329608,10.8402022963361,12.782103945913567,12.665486061289087,9.694892793553924,14.165831249997703,11.965658928728605,10.676721270088736
GSM1881804,7.935635501329307,7.276303632318487,10.420094748557752,8.391631473244264,3.699182849307463,9.694544434410085,5.874085840176622,4.4026213555802105,12.426343735663025,4.414585654457311,6.023773560226696,8.545221296060234,6.383470575239669,7.937148303599175,7.0379423599639415,10.143223285638042,5.07101754513658,6.746114757917817,9.10771608847084,7.171526889178616,10.49893977510988,12.363228569991634,10.931102851598864,14.436612748598465,11.694530989386358,11.229132537963832,11.534275200948413,10.28353883779425,9.439463532609288,11.14019619916417,11.791152818201404,11.391031954668113,11.201890134669675,11.672512617707666,9.832386009547003,10.653766411484069,12.807983834221876,12.034117824340624,13.376128521066244,12.466922433761587,10.236942525792909,14.040356473921454,13.431714231474668,12.448828620741065,13.22734481109192,11.83823962354676,8.551990008245694,10.195972013883368,10.04755566908296,13.77208116430543,12.743672324783162,13.903870042677614,9.42596740309592,12.804934103301449,12.121205882056561,10.83707883094086,12.483164346010074,9.736724169244528,9.62054435724843,10.677138900507737,10.726914868679446,11.840109666897035,8.922048528275443,9.273913662501668,10.478736784238617,9.80209940928352,10.576822031628431,10.839686127308497,11.475124641850114,9.743925571743231,8.532576591071397,8.958309131876861,9.034860750285247,8.696321209394403,8.153593343725857,11.653862742857092,7.124111727047839,11.903521150396015,11.163005533008638,13.387777311461056,11.269413006813345,9.629572690462947,12.067599143329439,11.759209204313304,11.821896420690642,12.658390793628582,10.382515300777321,10.911234810180916,10.614605344797226,8.990184124671144,10.9574999987449,9.532172311104736,10.8987683935409,11.095702060513911,12.81722578256592,12.479828749207295,9.415584622160884,14.190361362310293,11.907869302257032,10.614238902443624
GSM1881805,8.049588045642148,6.979150218713548,10.415968793578193,8.731881636577656,3.8645899130963928,9.838923583724805,5.794853853812191,4.609187784092831,11.922015712947221,4.458764488807321,6.091263365260477,8.667901032507055,6.867979033936651,8.168055027569746,7.288388023420451,10.357626234457184,5.262742692354781,6.746456620073388,9.4817955174958,6.732265341709976,10.92931581359458,12.240998830265033,9.889421191534254,14.152153645099668,11.562515447059562,11.358679894829528,11.253669853326512,10.376468207664953,9.64136354459559,11.298932214472964,11.933166600214806,11.340479994824411,11.220847243420074,11.055336680378664,9.969091391108408,10.639156803061272,12.867467875028279,11.361551095497726,13.145373508632845,12.043646804118591,10.15397739097381,14.167304517529757,13.283215520877766,12.519909954832466,13.015801680883222,11.165898244980562,8.075331818422942,10.002747589787967,10.099125726692561,13.664072416106428,12.758040990776665,13.618769849961716,9.765449739047117,12.69060137506465,11.969687005427165,10.805817833978761,12.347214300476274,9.510833904077831,9.769428327633033,10.613306239154532,10.681530551649347,12.176145043004036,8.866442587080181,9.118771759163335,10.312776773610617,9.73935193282533,10.418983269906931,10.409235207285796,11.394919034284511,9.58508751928766,8.350203965982487,8.738632673892424,8.912027504069238,8.672446678287514,7.9992361169342985,11.651902966091793,6.980169613939397,12.07209205724182,11.084001546944632,13.047086457227955,11.09774666802334,9.678952998969448,11.952283553664039,11.644516987730405,11.887117175923938,12.605192385338778,10.596185226998925,10.593210648874617,10.532870211325726,8.759523070167994,10.577434409780901,9.026879444440944,10.862969425299198,10.614093827557914,12.636914805486322,12.334684396057995,9.686370071245204,13.984191093727693,11.992834167282732,10.791450153766725
GSM1881824,7.773390412644996,6.9696270014322845,10.524742694064782,8.642986502652708,3.848329192196153,9.755236344583823,5.861198332348981,4.550432022296562,12.074420307343473,4.567255561235347,6.197811850514923,8.641334248657753,6.607613160051407,8.096291836045161,7.264851375548685,10.169234809587326,5.2418046264303975,6.789858554838287,9.500525590394515,6.9201911049893114,10.542401062641689,12.304511226548096,10.221240737240317,14.175340849030272,11.643556684344714,11.220390472679385,11.33005776848017,10.361239788700905,9.613143757182296,11.240410026853723,11.739764898825019,11.409462071548223,11.303614188076489,11.247357317920024,9.968056209474666,10.581007196590779,12.770521771691643,11.723336749706235,13.173513822860794,12.172188987350928,10.068013385159365,14.144107054468757,13.248264803832686,12.378858571013815,13.051752747766168,11.442168887311269,8.35127633603504,10.098607461251328,10.02531170327724,13.631451355142891,12.685391893599892,13.665966642909913,9.62149863419299,12.633132296175553,11.924782219877471,10.75582832909367,12.23173388356678,9.503498082835984,9.611573074339637,10.542023983178996,10.578989524596947,11.923689002382462,8.789850611427418,9.173888292600841,10.407571093628633,9.649232056739839,10.476610442174248,10.576236140014052,11.452943463628714,9.542921090430458,8.217794854765232,8.827965312461426,8.92115061320522,8.635216742229781,7.956336582116069,11.71485170003551,7.172244091876697,11.957829681829764,11.011522185055929,13.250961302287555,11.133613487232413,9.595150631737992,11.977130516889748,11.568757107434358,11.697236562182038,12.647542079511595,10.502020675191023,10.83743941681408,10.526965864561037,8.724837274264988,10.773241551656358,9.212400362843796,10.754931113115699,10.690404832779777,12.523495983555224,12.453240909011855,9.770999388343908,14.093477565399107,11.970485842552446,10.631824868537132
GSM1881825,8.21183313432646,7.285826849599753,10.31132084807118,8.480526607169207,3.7154435702077135,9.778231673551083,5.8077413616398506,4.461377117376482,12.273939141266773,4.306094582029298,5.917225074972263,8.571788079909544,6.643836449124918,8.008911495123764,7.061479007835727,10.331614710507926,5.091955611060967,6.702712823152917,9.088986015572136,6.983601125899291,10.885854526062788,12.299716173708596,10.599283305892817,14.413425544667875,11.613489752101215,11.367421960113989,11.45788728579477,10.298767256758305,9.467683320022596,11.19871838678342,11.984554519591216,11.322049877944323,11.119123190013287,11.480491980166324,9.833421191180769,10.711916017954582,12.904929937558538,11.672332170132133,13.347988206838293,12.33838025052923,10.322906531607364,14.063553936982455,13.466664948519783,12.589880004559715,13.19139374420897,11.561968981216069,8.27604549063362,10.100112142420029,10.12136969249831,13.804702225268988,12.816321421959989,13.856673249729411,9.569918507950053,12.862403182190555,12.166110667606272,10.88706833582597,12.59864476291958,9.744059990486393,9.778399610541834,10.748421156483293,10.829455895731847,12.092565707518661,8.998640503928238,9.21879712906418,10.383942464220633,9.892219285369038,10.519194859361148,10.672685194580254,11.417100212505915,9.786092000600446,8.664985702288662,8.868976493307867,9.025737641149249,8.733551145452141,8.196492878544111,11.59091400891341,6.932037249110537,12.017783525808065,11.235484894897327,13.183902466401458,11.233546187604313,9.71337505769439,12.042752180103747,11.834969084609359,12.01177703443254,12.616041099455796,10.476679852585224,10.66700604224148,10.620509691561937,9.02486992057415,10.76169285686946,9.346651392701894,11.0068067057244,11.019391055292077,12.930644604497026,12.361272236253456,9.33095530506218,14.08107489063891,11.930217626987345,10.773864187673233
GSM1881844,8.179022106943355,6.9869318070922395,10.109423327552163,8.840059300720663,3.938127091398198,9.913597713343623,5.948938674983829,4.632943342015763,12.124665371557446,4.591000568040844,6.020614699865332,8.532685213050053,6.710594968166929,8.243488065526105,7.301838839452718,10.243786371258926,5.262553776228113,6.823316744058553,9.485011310291917,6.680525104381178,10.871511427563805,12.336769745086391,10.532359657606863,14.260497863843709,11.203990968447423,11.208788678113725,11.28537413358132,10.034174383306576,9.519187757875196,11.03586796722524,11.685088899535605,11.42210867324872,11.305219011919995,11.103181489760537,9.366207802212587,10.5568206746516,12.808280589553114,11.427845631360967,13.248595488173974,12.214735190919187,10.194598284629723,14.105529540827565,13.334907793511286,12.46767668637282,12.98025006863537,11.258362940125355,8.454284678645985,9.926985900027528,9.995490859660297,13.733659785529158,12.727330115340195,13.743649633235686,9.159530836879457,12.54479745131071,11.670955433956955,10.940763057931203,12.23171008210417,9.166409603738282,9.497302303108334,10.626626463544355,10.526592745188696,12.043918787628716,8.81248155725466,9.299598169007602,10.21234441605134,9.886886310025977,10.524305845166776,10.24305006635774,11.38071124478387,9.773107029765937,8.184957480408125,8.756059769485015,8.812122937252965,8.878739939007241,7.756803750187071,11.829422433834877,6.149768553895787,11.989031070425465,11.068401445340932,13.078392943059304,11.103124371437543,9.585459668389523,11.784661729715733,11.417616939002244,11.876613657820744,12.613911203511982,10.474883988033591,10.936365826064426,10.624944169027772,8.7714695678699,10.94814737555607,8.788648293910292,10.912989511570911,10.580906002949265,12.57997259789328,12.598996376970945,9.515401174288996,14.019907927296428,11.72348813097938,10.705488754758044
GSM1881845,7.933378736286075,7.39013364533927,10.363807269412863,8.333984304978904,3.6450749356207384,9.567591842818672,5.708294991001117,4.355359302377304,12.223400592279345,4.345285977251903,6.033959003878842,8.808530701102205,6.467953765112464,7.9134175496000765,7.054299629568059,10.291944472489426,5.046014149394043,6.53814211432868,9.052435713845542,7.102094666081968,10.408253977435908,12.327515931726591,10.157154120281783,14.229223544359911,12.092344423281025,11.47864770273132,11.67761439844432,10.663232029523467,9.580813959547584,11.56656357899204,11.928904754083204,11.275060890047722,10.942643937920696,11.486431771771336,10.408486295124698,10.844718598004699,13.069917938461213,11.819014143867669,13.307445850590177,12.223770773049088,10.27685777800192,14.145086376577867,13.431232543370385,12.72103191648912,13.453681153138572,11.786054546807554,7.843818111998885,10.483563378817227,10.294071928095594,13.79520219652846,12.909369177443896,13.810540493823185,10.327857224536855,12.897788963915913,12.449723624027856,10.852873462587908,12.67345209137657,10.088405936514222,9.717031720701497,10.743836063445661,10.902977076273295,11.993999843126815,9.063045445375868,9.359516920771464,10.72803383747424,9.723999087346938,10.553326411260477,11.043894776238439,11.610626273834466,9.647140728765766,8.905714629973087,8.742799361539985,9.295560348013417,8.58681194423367,8.47627436861754,11.69022614933948,8.110102128815276,12.085999376199867,11.071792928284932,13.301502224540705,11.296490910262744,9.406520820750833,12.209341434766236,12.024375860413244,11.822362615001445,12.648395161590386,10.39899635490969,11.029157248997128,10.751685838090573,8.98418367783026,10.625772234223874,9.845564769045152,10.829874732664912,11.159843504550064,12.999615531430088,12.382293822698145,9.683164837588016,14.14435489580983,12.119547809536483,10.801693675216244
GSM1881849,7.865434477227745,7.006115324116541,10.780864716238863,8.511226059033303,3.762457116586848,9.819012471040024,5.846175874998287,4.529411065116483,12.174473209078545,4.373738669604223,6.117981684486603,8.478467578698684,6.6986256804850814,8.000899381627196,7.13335710605581,10.215543436394526,5.192072430614855,6.877398208599559,9.346820384812496,7.073068575869727,10.862617978057006,12.242055423571994,10.541272286810964,14.393428182343607,11.589234262940426,11.194282268345024,11.218929049386722,10.292604155358763,9.521238898384494,11.056261074238444,11.9724854740055,11.400098360942321,11.3862431172939,11.502160685597634,9.927522003645796,10.537845549161704,12.634979035860916,11.846643604528868,13.226211705784474,12.32734789285199,10.114923812518422,14.060875569771365,13.306254291646988,12.26439926049832,12.930788516188766,11.461789315858052,8.642879949358095,9.887530126662227,9.930459305907394,13.625368388560155,12.615870680555696,13.729769711900087,9.299737651798218,12.800716802322512,12.015660273240757,10.670708476860307,12.34040579624877,9.616521569731011,9.870625003512323,10.565205182503355,10.683098309031196,11.986463434096118,8.807209670402921,8.929913042718454,10.24689208324824,9.701291615790387,10.416075695875778,10.586437159295238,11.313727995583568,9.573271878014657,8.233498725199636,9.046553577628933,8.812649096265307,8.58759994828196,7.996166072185661,11.43899998024898,6.896551328769755,11.888389364831367,11.230316246304033,13.272400485433508,11.151124230554744,9.970808045008203,12.035820881008231,11.663596488650048,11.864544122099645,12.633068403348682,10.594170448721089,10.291145113521726,10.344583327066072,8.86890754655852,10.728482003008773,9.204364570363065,10.899742484024312,10.823944324608462,12.601622752754981,12.240479518228845,9.454366028232117,14.097565860950727,12.008019263793779,10.601351154341245
GSM1881864,7.885098404085685,7.198736840866222,10.390228274475533,8.454798608864241,3.858350456743103,9.685695503022382,5.891171918918216,4.3532934771630165,12.47265177667402,4.470890115026411,5.8250305154037845,8.671694761653498,6.541496960106592,7.914059550605076,7.0342907114920346,10.312636857876925,4.924976072769159,6.689899698335978,9.032201305309801,6.9175048222499065,10.525924507988297,12.287963644621785,10.469168907844363,14.330164249986725,11.72180948296092,11.359771775518391,11.524606448369775,10.489836260160047,9.586275287221838,11.362486681143874,11.935342500308366,11.308791166262305,11.225127814488433,11.37958418512793,10.008869155360172,10.730214658147537,12.971030740787786,11.717523850057235,13.349211928787492,12.471964468694056,10.278609888789855,14.121805410242267,13.440806236636336,12.587552082659563,13.306806882492376,11.918670712208169,8.501619951539249,10.16274472726347,10.196711444760377,13.778809545912544,12.831935247602432,13.828164185207669,10.019817219822961,12.783097668999462,12.173974048940327,10.826388077773178,12.560163260794024,9.833554322999696,9.843892888552027,10.7441030617952,10.72120441704569,12.049417821965553,8.966844724671086,9.497235333806415,10.540332560177779,9.82414449847958,10.664216724447698,10.759030460406704,11.507546167198019,9.738779519922774,8.688173097591102,8.877527378693976,9.15468231281008,8.659359611763696,8.23817256008271,11.83546051734296,7.437044138663419,12.108462261547265,11.10568123200064,13.190113176529223,11.264566027174464,9.939334000092002,12.305650922997641,11.871126657047661,11.848599305394693,12.635172760351882,10.414933714490132,10.814019199524424,10.77981452671844,8.932679586012505,10.561991938073767,9.396664503622915,10.865384534402162,10.726749044381831,12.86392139750603,12.275993589975855,9.638917181080464,14.028354285469137,11.956599970716743,10.834662241015478
GSM1881865,8.100125142885766,7.056717010165813,10.445835267660435,8.66871450095768,3.7054223056607634,9.847772515112519,5.777767775070617,4.658515662510037,11.87570767193622,4.402460028238232,6.2900064100834046,8.541427566913818,6.709952649069733,8.191143780563857,7.292039671892375,10.188212662218325,5.408784164722208,6.802671679655237,9.55731030065686,6.986287408638695,10.902331080716195,12.316263755634887,10.351355135288765,14.258602143711427,11.535236953485017,11.22804065727499,11.263338605905178,10.17017078529915,9.494551789983039,11.076641732493274,11.788976918107865,11.422720783230202,11.197609563601334,11.348265112958428,9.792608245295234,10.562708556397837,12.704420968462383,11.678145069781134,13.172290100911589,12.038604769186154,10.112310027976855,14.085855581208966,13.274123515716136,12.381186492913963,12.936339609482776,11.085467156319165,8.12570187512941,10.035974876407874,9.949969951015174,13.65734403449935,12.669778067957433,13.694475707431671,9.171599922320073,12.71243780936666,11.916918838543427,10.816508587146478,12.270215385692325,9.414003750322673,9.546079796329456,10.546342077867099,10.68724100328309,11.966836887935553,8.821646390684569,8.895450087858617,10.25118099767148,9.7173068436293,10.331588577087695,10.489890874187603,11.36249750893662,9.590233571108131,8.19460745946281,8.819414427075317,8.79220594154442,8.709408275918237,7.9146569005774685,11.470305191605956,6.667237202323817,11.867150946090565,11.141325847952638,13.244750592159829,11.10259364766226,9.369191689340381,11.71423177399584,11.532599534996061,11.860414291219893,12.628410418615479,10.563766813286136,10.690426259531128,10.36766102940454,8.817027608826635,10.972942470452068,9.16238725192277,10.89635328443796,10.983046843690033,12.59021919054623,12.538519555289456,9.463037512325624,14.14619817056884,11.944103498823043,10.571026815194877
GSM1881884,7.919004345483737,6.960647604958626,10.291633824586397,8.620626204902237,3.8871036243343378,9.992835465933377,5.968174493662287,4.575095439652504,12.733994421606615,4.241718454588272,6.176780266706693,8.507119479769019,6.838628895572765,8.220200729771005,7.312015282726782,10.13872381622232,5.204170140713322,6.810326140699705,9.669750459107233,6.703855602923801,10.976715485187876,12.606593213868484,10.378614279848916,14.324880402366919,11.434028761944358,11.082849830667977,11.175196438153298,9.934511603065896,9.26411536737255,10.885603749203796,11.561801387972976,11.553862004530105,10.857396140829039,11.088241220223326,9.435799937743134,10.447324564456617,12.680161263082384,11.58052584713366,13.251297836529265,12.074950111066887,10.071116293550515,14.226270246432305,13.291490772482677,12.361050467620993,12.86473927304723,11.039683269271666,7.990606536816683,9.88632135077158,9.775154333466427,13.726018604710493,12.65302408055161,13.67329380559828,8.621654142547813,12.788653305026973,11.9065622794019,11.094501526059126,12.312486605217405,9.128926063175804,9.24300112142642,10.63082663579991,10.62462924651627,12.363386763912425,8.735021691789761,8.832061279464527,10.303225574739486,9.880231027342251,10.314441842523486,10.385001165409985,11.30532307745316,9.771033999815472,8.276916334106572,8.824125161049436,8.808413246671599,8.620823701270107,8.095439346811771,11.84255303189626,6.451876406873053,11.967846596932118,11.293352739170125,13.231227904971066,11.267543340930912,9.115917005116037,11.64305933984606,11.556181762786286,11.8810424096382,12.532443123947964,10.35042595012689,10.444052569767727,10.489082555463193,8.872272755771101,10.942356829999392,8.922861055957911,10.87329295249765,10.912710621920214,12.72243729943639,12.248432465056208,9.482719162194178,14.094790026555307,11.796101956853907,10.565397879724063
GSM1881885,8.145912470481807,7.167566646266187,10.551166728681897,8.642642661143828,3.7349749032261976,9.723741404670124,5.720115041836918,4.492246800887494,11.78820091176702,4.553168070830652,6.122078906258994,8.6818506863151,6.597788091795746,7.898405288871574,7.122629377394313,10.30435804264867,5.176350700421493,7.217139862892685,9.126337791255343,7.113180384244688,10.89042390543408,12.309088246216486,9.654766927595627,14.15640524569772,11.526089660817762,11.302015944500074,11.371517702799096,10.324454970850313,9.595009609515039,11.1049549055768,11.675724381502874,11.675721090185506,11.00377440239784,11.023311748738925,9.812610773073803,10.596742199473217,12.761543920205686,11.45774271047566,12.94335193460966,11.729942562904586,10.189661329646217,14.090392893328305,13.288595615124171,12.424096723978694,12.926196566568127,10.686067065568768,7.8611239011050955,10.117807119999279,10.120711748682924,13.607432804703693,12.782749742006207,13.60821515401118,8.852881913821804,12.714279794766972,11.9206419696593,10.703866729636527,12.252269053772109,9.528920202430113,9.473224317844599,10.645585415382213,10.665955688923573,11.906564163838524,8.665812859939393,9.059731789895258,10.359310119014586,9.825539413195685,10.471097300626985,10.710997394042886,11.409143073845264,9.93100873635637,8.220409429515351,9.050850957712829,8.938607587337371,8.662730912927728,7.844392343221381,11.426479156159456,6.7176646569500535,12.030017414410615,11.181580284119727,13.359479844232268,11.221143390254312,9.245682542428957,11.31551125730406,11.487406967313385,11.9189488344976,12.858451768269568,10.58366207865639,10.684101377862026,10.55118112477189,8.848759081943475,10.865376046298088,9.176989503018289,11.04471758261515,10.96595615659411,12.589793564557992,12.477140855412907,9.589739328932145,14.137264963374108,12.012721629497712,10.765835231427562
GSM1881889,7.912918504491778,7.254966525323327,10.411294759935798,8.422000798686907,3.723580616045308,9.583625156598968,5.815120005484117,4.450371468969613,12.000343839541818,4.515138689478091,5.873696215265183,8.630713326766948,6.440757426396044,8.039198978110905,7.054850914955572,10.308192421272068,5.120119515102291,6.211391063394475,9.088179158587524,7.038652359164449,10.275243992434877,11.990659640300182,11.197404857255215,14.40186394248282,11.92545123190696,11.49685287402217,11.635203440460096,10.731043994272712,9.76211563891984,11.6681339656753,12.348953358148572,10.867684829523306,11.77293552390794,11.980220978167427,10.4538053901663,10.89531805788832,13.071472380587382,12.055234822148357,13.587603273409865,12.960961182848987,10.325602251953416,13.994828347416409,13.492308240921972,12.667960671760696,13.57378389834753,12.780456467950671,9.089252302081317,10.293950934736277,10.324156011514026,13.820778961203793,12.816796150782206,14.00245087934968,11.312589656845065,12.74037011775537,12.3091350821646,10.665976741683927,12.680812310740206,10.213490844377725,10.36873358805129,10.65925565831141,10.82208319505347,11.754431137100825,9.281902121304482,9.697235063137876,10.524734643019883,9.606406572625472,10.708168809152683,10.777383442438689,11.59059936290366,9.291476900374613,8.826845071959083,8.670436589891787,9.173311547522859,8.769597217325199,8.28941250095728,11.689616375367756,7.986880947657823,11.965555800114114,10.895577596640226,13.061587903830366,11.06205278107001,10.601188986603637,13.071253448340258,12.062000557965984,11.7635291507862,12.504479876233669,10.53396276288119,11.128514240953727,10.680949653949492,8.903528954544242,10.494668736491393,9.738727074342519,10.724596193147446,10.686027053593609,12.86898001808409,12.496196397429006,9.580473548982916,14.029773694127808,12.042231617958308,10.777300473163962
